{"vectors": {"f6f78d41-1cb3-4d6c-a470-4118c95fc66a": {"brush": 0.6995374295560366, "teeth": 0.6995374295560366, "none": 0.39410718559798485}, "0abb7247-9ea9-46a7-8ee5-b3a97e4a0d8b": {"morning": 0.6995374295560366, "stretch": 0.6995374295560366, "none": 0.39410718559798485}, "a05a5cb3-1196-4ae1-a8a4-873c1d06b381": {"drink": 0.5246530721670275, "water": 0.5246530721670275, "stay": 0.5246530721670275, "hydrated": 0.5246530721670275}, "2ce04605-4152-4fd6-a43a-acb179641b35": {"gym": 1.049306144334055, "none": 0.5911607783969773}, "6400a487-5d6f-4d68-a1a4-bc75aee72b6a": {"study": 1.049306144334055, "none": 0.5911607783969773}}}